active_atoms_max,active_atoms_median,active_atoms_p95,allocation_l1_median,budget_scale,certificate_gap_median_dollars,certificate_gap_p95_dollars,certificate_relative_gap_median_percent,certificate_relative_gap_p95_percent,declared,experiment_id,failed,hard_budget_welfare_gap_median_percent,integer_landing_budget_trimmed,integer_landing_l1_max_percent,integer_landing_l1_median_percent,integer_landing_l1_p95_percent,integer_landing_loss_max_dollars,integer_landing_loss_median_dollars,integer_landing_loss_p95_dollars,integer_landing_relative_max_percent,integer_landing_relative_median_percent,integer_landing_relative_p95_percent,iterations_max,iterations_median,iterations_p95,lp_gap_max_percent,lp_gap_mean_ci95_percent,lp_gap_mean_percent,lp_gap_median_percent,lp_gap_min_percent,lp_gap_p25_percent,lp_gap_p75_percent,master_iterations_max,master_iterations_median,master_iterations_p95,master_time_median_seconds,master_time_p95_seconds,max_mm_utilization_max,max_mm_utilization_median,minting_duality_gap_max_dollars,minting_duality_gap_median_dollars,minting_duality_gap_p95_dollars,minting_duality_relative_max_percent,minting_duality_relative_median_percent,minting_duality_relative_p95_percent,oracle_calls_max,oracle_calls_median,oracle_calls_p95,oracle_time_fraction_median,oracle_time_median_seconds,oracle_time_p95_seconds,paper_bound_ratio_max,paper_bound_ratio_median,profile,retained_gap_max_percent,retained_gap_mean_ci95_percent,retained_gap_mean_percent,retained_gap_median_percent,retained_gap_p25_percent,retained_gap_p75_percent,retained_gap_p95_percent,runtime_max_seconds,runtime_median_seconds,runtime_p25_seconds,runtime_p75_seconds,runtime_p90_seconds,runtime_p95_seconds,runtime_p99_seconds,scale,section,solver_id,status_counts,successful,termination_counts,verifier_invalid,welfare_gap_max_percent,welfare_gap_mean_percent,welfare_gap_median_percent,welfare_gap_p95_percent
30,3.0,7.649999999999999,,,5.4931640625e-13,0.0006621435623046869,1.0958317840917358e-14,3.4776099681015096e-07,68,,0,,0,0.28104433112924787,4.38112318720749e-07,0.011803883242435958,0.6464494080976563,0.0,2.603302612304682e-08,0.0036957633936107186,0.0,3.0815420310124354e-10,109,12.0,31.599999999999994,,null,,,,,,87803,75.5,14307.19999999998,6.02965e-05,0.011181473499999988,0.9999999999582893,0.9497993604312222,0.000107842,0.0,4.156649999999997e-06,2.413182488932612e-08,0.0,6.980369541370555e-09,125,14.0,101.0,0.3034464397833847,0.035063052,0.19060969114999998,,,,0.0,"[0.0, 0.0]",0.0,0.0,0.0,0.0,0.0,0.477699882,0.175595851,0.009837761,0.31187902475,0.3963764477,0.42466002704999994,0.47695307588,,overall,exact-components-pacing-bundle,"{""completed"": 68}",68,"{""converged"": 66, ""iteration_limit"": 2}",0,0.06304316712966394,0.002428516269296345,0.0,0.01250230704801485
,,,,,0.038780536109863276,122.89141498634804,0.0006098536720166269,0.14158038200389567,68,,0,,0,38.542478466938036,0.004174742605544812,0.42222869297499493,82.99295825960657,0.0,0.619599907268823,17.595863244572314,0.0,0.011981141211918709,100,21.0,100.0,,null,,,,,,,,,,,0.9999999999582893,0.9440506989687474,5.6e-08,2e-09,4.3e-08,1.244833939152517e-09,5.282934235954608e-12,1.3148261336797238e-10,101,22.0,101.0,0.3345297820865416,0.043513663999999994,0.3200573514,,,,17.5965815695402,"[0.009984734088354699, 1.2755502586696712]",0.5142618201907103,0.0004147633549430057,0.0,0.013627546895046281,0.08179876618546231,2.333635498,0.190567236,0.0340757935,0.32418324125000003,0.39899767380000006,0.4616958197,2.3172100051299998,,overall,retained-cash-fw,"{""completed"": 68}",68,"{""converged"": 46, ""iteration_limit"": 22}",0,34.53252335436114,1.0417201324776606,0.0022576516879318897,0.6223533566019444
5,3,4.8,,,2.015995703125e-05,0.00031665450859374994,1.1433378507839932e-07,2.1090468806032288e-06,5,,0,,0,0.15516726060243874,4.771965555564916e-06,0.13736874060109894,0.31391084535546876,0.0,0.25112867628437496,0.002099440007006434,0.0,0.0016795520056051467,17,14,16.6,,null,,,,,,27212,5553,25573.8,0.004237665,0.0192344058,0.9999990642973683,0.9942866556067839,5.189e-06,8e-09,4.4314e-06,9.219499456335587e-09,1.3091643484502594e-11,7.939996647784144e-09,101,17,86.99999999999999,0.29902129014387946,0.084156368,0.20649019499999996,,,concentrated,0.0,"[0.0, 0.0]",0.0,0.0,0.0,0.0,0.0,0.476585246,0.320604895,0.281439385,0.327567851,0.41697828800000003,0.44678176699999994,0.4706245502,,quality,exact-components-pacing-bundle,"{""completed"": 5}",5,"{""converged"": 4, ""iteration_limit"": 1}",0,0.0,0.0,0.0,0.0
,,,,,6.023459621830078,104.49639741449998,0.03501988852540012,0.5841842069654845,5,,0,,0,0.2163911614691906,0.19064884088676565,0.21244116676903496,0.0,0.0,0.0,0.0,0.0,0.0,100,100,100.0,,null,,,,,,,,,,,0.9977967165614197,0.9880385833280202,3.8e-08,3.3e-08,3.76e-08,6.349272122785567e-11,5.892913099223938e-11,6.331756512119008e-11,101,101,101.0,0.8444028348245556,0.266418905,0.2780226232,,,concentrated,0.1287953613813309,"[0.01902583896909587, 0.0973819664943314]",0.0544342416788552,0.0269149104986767,0.01816995398679718,0.08235379434086706,0.11950704797323813,0.362219629,0.323986737,0.315027044,0.348251417,0.3566323442,0.35942598659999997,0.36166090052,,quality,retained-cash-fw,"{""completed"": 5}",5,"{""iteration_limit"": 5}",0,0.1709798498388555,0.06208976925860783,0.03151491173141702,0.153978299949553
7,2.0,5.649999999999997,,,1.5625e-11,0.00023492255791015583,8.703409311020693e-14,1.3306453671863197e-06,10,,0,,0,0.28104433112924787,2.4271748205391504e-07,0.16037307608735518,0.6464494080976563,0.0,0.3589246999925775,0.0036957633936107186,0.0,0.0020517959426248405,22,7.0,21.549999999999997,,null,,,,,,87803,332.0,50650.99999999991,0.00027033,0.038435765849999935,0.9999988554255083,0.9871883523878653,4.906e-06,0.0,3.942549999999998e-06,2.413182488932612e-08,0.0,1.7857459859269863e-08,101,8.0,65.44999999999992,0.12923694260094531,0.039856486499999996,0.14686486529999984,,,neutral,0.0,"[0.0, 0.0]",0.0,0.0,0.0,0.0,0.0,0.477699882,0.2205962095,0.20037988125,0.30002012699999997,0.4100344134,0.44386714769999996,0.47093333514,,quality,exact-components-pacing-bundle,"{""completed"": 10}",10,"{""converged"": 9, ""iteration_limit"": 1}",0,0.0,0.0,0.0,0.0
,,,,,0.0653748770078125,6.5354977533801675,0.00037643707829941993,0.037083768017588864,10,,0,,0,0.4225052336933775,0.0004121873772831595,0.3047824952692865,0.06308960275390625,0.0,0.03469928151464837,0.00034782013342614593,0.0,0.0001913010733843799,100,19.5,100.0,,null,,,,,,,,,,,0.9987054376002269,0.9831921906060278,5.2e-08,1e-09,3.264999999999995e-08,1.9225595241990532e-10,3.973974757232547e-12,1.19742487917329e-10,101,20.5,101.0,0.186925627666013,0.0673634015,0.24893849585,,,neutral,0.037634213132634035,"[0.0002014101151847655, 0.012330837269335114]",0.004503666472409376,0.00020718576080482043,0.0,0.001090778850046784,0.022946873622062547,0.45434579,0.2368527285,0.19637544599999998,0.2852425495,0.33978865099999994,0.3970672204999999,0.44289007610000003,,quality,retained-cash-fw,"{""completed"": 10}",10,"{""converged"": 7, ""iteration_limit"": 3}",0,0.03806419675504477,0.007426349700835742,0.00027327786508728034,0.03381420983048129
4,4,4.0,,0.1,6.103515625e-14,2.1972656249999997e-13,6.534653742824749e-15,2.1410006566034378e-14,5,,0,,0,1.318914821936874e-05,4.978007282262436e-06,1.2117758116445171e-05,4.068603515625e-10,1.3323974609375e-10,3.5404052734375e-10,4.066327769546168e-11,1.2721292514827568e-11,3.531973817845883e-11,18,15,17.8,,null,,,,,,177,128,175.6,0.00011058199999999999,0.0001281804,0.9921665875267303,0.9834745392068263,0.0,0.0,0.0,0.0,0.0,0.0,20,17,19.8,0.6542229792558583,0.003829389,0.004663408,,,,0.0,"[0.0, 0.0]",0.0,0.0,0.0,0.0,0.0,0.009706697,0.005753244,0.005482389,0.006683791,0.0084975346,0.0091021158,0.009585780759999999,,budget,exact-components-pacing-bundle,"{""completed"": 5}",5,"{""converged"": 5}",0,0.026134192260449943,0.006681036434168483,0.0,0.022361551790438444
,,,,0.1,0.01413403103137207,0.04605854952089843,0.0015132593488031104,0.0044885115911954794,5,,0,,0,0.5183765091590121,0.0001344137862059777,0.4622958041112614,0.5181549447290039,0.00018252552612304688,0.44016378091249997,0.05061701392961805,1.9542086626796794e-05,0.042937508915791456,100,100,100.0,,null,,,,,,,,,,,0.9998904661855039,0.9715449990109333,8e-09,1e-09,7.399999999999999e-09,1.7480130008466936e-10,2.0325203252032523e-11,1.589001308728677e-10,101,101,101.0,0.8522586335258852,0.025530386,0.0268994338,,,,0.053049996020763004,"[0.0008156624324844651, 0.03443570960467449]",0.013737800309105786,0.001484365958055545,0.0011260796056269463,0.012857666464526993,0.04501153010951579,0.034813412,0.029338443,0.029032677,0.031862938,0.033633222399999996,0.0342233172,0.03469539304000001,,budget,retained-cash-fw,"{""completed"": 5}",5,"{""converged"": 2, ""iteration_limit"": 3}",0,0.9177060963466578,0.33035687043838813,0.00656902993432939,0.8796667222595169
4,4,4.0,,0.25,0.0,1.220703125e-13,0.0,7.859820087804526e-15,5,,0,,0,1.217244121552074e-05,7.575257622210248e-06,1.1539213603013889e-05,1.287841796875e-10,1.09130859375e-10,1.283447265625e-10,8.988637688026843e-12,6.871275256956918e-12,8.803814350101223e-12,16,14,15.8,,null,,,,,,67,51,66.6,4.6081e-05,6.11794e-05,0.9447197080810963,0.9310415966364916,1e-09,0.0,1e-09,1.8996094402990746e-11,0.0,1.8953786124638516e-11,18,16,17.8,0.6004986534646907,0.003420453,0.004666048799999999,,,,0.0,"[0.0, 0.0]",0.0,0.0,0.0,0.0,0.0,0.009881449,0.005615523,0.005268975,0.005948408,0.0083082326,0.0090948408,0.00972412736,,budget,exact-components-pacing-bundle,"{""completed"": 5}",5,"{""converged"": 5}",0,0.01237947137876165,0.0035033447090502107,0.0,0.0109310275363072
,,,,0.25,0.0147866005670166,0.02673713989978027,0.0009420216645207224,0.0016882359880338311,5,,0,,0,0.023890060499416776,0.00017587030831418447,0.022669345760489023,0.0,0.0,0.0,0.0,0.0,0.0,100,37,88.6,,null,,,,,,,,,,,0.9441958956944947,0.9307626842822634,4e-09,1e-09,3.5999999999999996e-09,7.207285123803141e-11,1.8998422181037863e-11,6.517059367090843e-11,101,38,89.6,0.4752949231258723,0.009836939,0.024088538399999998,,,,0.0007635305954521657,"[0.00023973466467502625, 0.0006249321336159458]",0.00043730868946177773,0.000417034440861616,0.0004151551882763705,0.0004944757665287243,0.0007097196296674774,0.030938082,0.018612328,0.011190493,0.020696495,0.0268414472,0.028889764599999996,0.03052841852,,budget,retained-cash-fw,"{""completed"": 5}",5,"{""converged"": 4, ""iteration_limit"": 1}",0,0.05455362717470162,0.022650501777218734,0.009856851958145561,0.053411307690410595
2,2,2.0,,1.0,2.44140625e-13,1.5624999999999999e-12,9.55709456738969e-15,5.602662313271271e-14,5,,0,,0,0.0,0.0,0.0,0.0,0.0,0.0,0.0,0.0,0.0,2,2,2.0,,null,,,,,,2,2,2.0,1.38e-06,1.478e-06,0.745967049325373,0.738227767581905,0.0,0.0,0.0,0.0,0.0,0.0,4,4,4.0,0.29178045318531304,0.001357145,0.001850124,,,,0.0,"[0.0, 0.0]",0.0,0.0,0.0,0.0,0.0,0.008142948,0.004651254,0.004129404,0.007075529,0.0077159804,0.0079294642,0.008100251240000002,,budget,exact-components-pacing-bundle,"{""completed"": 5}",5,"{""converged"": 5}",0,0.0,0.0,0.0,0.0
,,,,1.0,0.0,1.6601562499999997e-12,0.0,5.956935408397371e-14,5,,0,,0,0.0,0.0,0.0,0.0,0.0,0.0,0.0,0.0,0.0,1,1,1.0,,null,,,,,,,,,,,0.745967049325373,0.738227767581905,0.0,0.0,0.0,0.0,0.0,0.0,2,2,2.0,0.14955890197031743,0.001102489,0.0012494268,,,,0.0,"[0.0, 0.0]",0.0,0.0,0.0,0.0,0.0,0.007523096,0.007077949,0.006957807,0.007371604,0.0074624992,0.0074927976,0.00751703632,,budget,retained-cash-fw,"{""completed"": 5}",5,"{""converged"": 5}",0,0.0,0.0,0.0,0.0
4,2.0,3.549999999999999,,,0.0001117243125,0.0014030741843749999,3.279791218623151e-08,3.9699962800283734e-07,10,,0,,0,2.6801343682874863e-07,4.437383863604363e-08,2.5035018782324165e-07,1.25e-10,0.0,1.25e-10,3.325692377993304e-14,0.0,3.216792756711503e-14,17,6.5,15.649999999999997,,null,,,,,,33643,267.0,20114.64999999997,0.000218423,0.016420459299999975,0.9944034482910489,0.5219763966691419,0.000107842,2e-09,6.53475999999999e-05,1.334531615890151e-08,2.539364404885306e-13,8.095708817989643e-09,47,8.0,33.04999999999997,0.2766312199392657,0.097542461,0.15053830004999993,,,,0.0,"[0.0, 0.0]",0.0,0.0,0.0,0.0,0.0,0.462508178,0.3451932405,0.322043252,0.37501558874999996,0.4006214969,0.43156483744999996,0.45631950989000003,,numerical,exact-components-pacing-bundle,"{""completed"": 10}",10,"{""converged"": 10}",0,0.0,0.0,0.0,0.0
,,,,,42.41330502159375,523.7571670154281,0.01095452928416883,0.13906859425818235,10,,0,,0,0.1539766357636625,0.0055557152333604014,0.14227207906648556,1.25e-10,0.0,1.25e-10,3.325692377993304e-14,0.0,3.216792756711503e-14,100,50.5,100.0,,null,,,,,,,,,,,0.9979851637697219,0.5229330393194356,5.6e-08,1.4e-08,5.1949999999999985e-08,7.0817296577372485e-12,1.7804680887995285e-12,6.299491432441255e-12,101,51.5,101.0,0.4966290913741346,0.203985602,0.32475683600000005,,,,0.07225008658502328,"[0.005865561503992161, 0.03586098166126235]",0.019860283344308664,0.008678748208028681,0.0,0.03337253435119498,0.06239038355270077,0.440790103,0.3777205615,0.334899654,0.39414309775,0.4126908088,0.4267404559,0.43798017357999997,,numerical,retained-cash-fw,"{""completed"": 10}",10,"{""converged"": 5, ""iteration_limit"": 5}",0,0.08440459314588694,0.02067012002354389,0.006508826078532859,0.07232608815026034
4,4,4.0,,,0.0,8.239746093749999e-14,0.0,1.7689710060253972e-14,3,,0,,0,3.073976260512652e-05,5.4124775619865635e-06,2.8207034100812522e-05,7.32421875e-13,6.103515625e-14,6.65283203125e-13,1.4593050940261562e-13,1.3103488933521463e-14,1.3264780735570618e-13,11,11,11.0,,null,,,,,,68,53,66.5,5.3321e-05,5.5417099999999995e-05,0.9999999999582893,0.9999999945306008,1e-09,1e-09,1e-09,1.3398754987686544e-10,1.0311914798835167e-10,1.3090070968801406e-10,13,13,13.0,0.4402512202019572,0.001261483,0.0013716997,,,,0.0,"[0.0, 0.0]",0.0,0.0,0.0,0.0,0.0,0.003143537,0.002801541,0.0027629305,0.0029725389999999997,0.0030751378,0.0031093374000000003,0.00313669708,orders-00080,order_scaling,exact-components-pacing-bundle,"{""completed"": 3}",3,"{""converged"": 3}",0,0.0,0.0,0.0,0.0
,,,,,0.0062586484407730104,0.1018467837778511,0.0013436656923263603,0.020303656993185672,3,,0,,0,38.542478466938036,36.558950449167895,38.344125665161016,82.99295825960657,81.95961442539331,82.88962387618524,17.595863244572314,16.53718515810167,17.48999543592525,100,100,100.0,,null,,,,,,,,,,,0.9999999999582893,0.6900995696321445,6e-09,1e-09,5.5e-09,1.244833939152517e-09,1.5096800685998623e-10,1.1354473459232637e-09,101,101,101.0,0.773512438208249,0.008562505,0.0094702639,,,,17.5965815695402,"[0.0, 17.5965815695402]",11.380199620246122,16.544017291198166,8.272008645599083,17.070299430369182,17.491325141705996,0.011977077,0.011069641,0.0069928265,0.011523359,0.011795589799999999,0.011886333399999999,0.01195892828,orders-00080,order_scaling,retained-cash-fw,"{""completed"": 3}",3,"{""converged"": 1, ""iteration_limit"": 2}",0,34.53252335436114,22.318277518804695,32.42230920205295,34.32150193913032
4,4,4.0,,,3.90625e-12,5.6640625e-12,2.1301127197360494e-14,3.023747818110319e-14,3,,0,,0,1.0483451628632876e-06,6.654359594795435e-07,1.0100542425249132e-06,1.7578125e-11,3.90625e-12,1.6210937499999997e-11,9.369121820455716e-14,2.1301127197360494e-14,8.645220910383748e-14,21,20,20.9,,null,,,,,,97,94,96.7,6.881e-05,7.081789999999999e-05,0.9369735022591222,0.9291066377988478,0.0,0.0,0.0,0.0,0.0,0.0,23,22,22.900000000000002,0.5626135830375592,0.020970543,0.0211903536,,,,0.0,"[0.0, 0.0]",0.0,0.0,0.0,0.0,0.0,0.037707545,0.03524505,0.034531752,0.036476297500000004,0.037215046,0.037461295500000005,0.0376582951,orders-02000,order_scaling,exact-components-pacing-bundle,"{""completed"": 3}",3,"{""converged"": 3}",0,0.0274722840778955,0.013346911136451459,0.01256844933145888,0.025981900603251836
,,,,,0.09226793904296875,0.15446306572421872,0.0005093588875059291,0.0008250489073729979,3,,0,,0,0.18478749756032686,4.670064505869854e-06,0.16630921481074476,0.6742241178671875,3.90625e-12,0.6068017060808593,0.003722008426421739,2.130113302733051e-14,0.0033498075837816946,23,19,22.6,,null,,,,,,,,,,,0.9378874933485951,0.9251105310894778,1e-09,1e-09,1e-09,1.6849767473208869e-12,1.5905331467107776e-12,1.675532387259876e-12,24,20,23.6,0.31420738122390807,0.027543228,0.032529445799999994,,,,0.004131528860269017,"[2.736929543581805e-05, 0.004131528860269017]",0.0016120823704481996,0.0006773489556397634,0.0003523591255377907,0.0024044389079543906,0.003786110869806092,0.093245433,0.087659392,0.0800638895,0.0904524125,0.09212822479999999,0.0926868289,0.09313371218000001,orders-02000,order_scaling,retained-cash-fw,"{""completed"": 3}",3,"{""converged"": 3}",0,0.37610964990950857,0.12536988330316953,0.0,0.33849868491855767
4,4,4.0,,,7.03125e-11,0.00011107271953125,7.622409440083733e-14,1.2288024527553989e-07,3,,0,,0,1.9653115916307303e-07,1.3112254238313652e-07,1.8999029748507937e-07,2.34375e-11,2.34375e-11,2.34375e-11,2.5408031466945775e-14,2.5363758343448307e-14,2.5403604154596027e-14,26,26,26.0,,null,,,,,,152,142,151.0,0.00011316,0.00012355679999999998,0.9265620163790631,0.9258301151364733,0.0,0.0,0.0,0.0,0.0,0.0,28,28,28.0,0.4500663558422133,0.193436736,0.194197254,,,,0.0,"[0.0, 0.0]",0.0,0.0,0.0,0.0,0.0,0.431558169,0.411849192,0.4118436405,0.42170368049999996,0.42761637360000004,0.42958727129999996,0.43116398945999995,orders-10000,order_scaling,exact-components-pacing-bundle,"{""completed"": 3}",3,"{""converged"": 3}",0,0.0,0.0,0.0,0.0
,,,,,0.378288324171875,0.6765127014406249,0.00041850317040749397,0.0007342373206964126,3,,0,,0,0.0903289932861492,0.031225524922837512,0.08441864644981803,0.1126129663125,0.0,0.10135166968124999,0.00012208192205810466,0.0,0.00010987372985229418,19,18,18.9,,null,,,,,,,,,,,0.9265118738903607,0.9254356547411284,1e-09,1e-09,1e-09,3.2444252662861934e-13,3.1880537250813753e-13,3.2387881121657117e-13,20,19,19.900000000000002,0.10870221387076277,0.251706329,0.2534748434,,,,0.0008649817773796832,"[7.386508355392575e-05, 0.0008649817773796832]",0.00039675351612853326,0.0002514136874519908,0.0001626393855029583,0.000558197732415837,0.0008036249683869139,2.333635498,2.309119837,1.8290593949999998,2.3213776675,2.3287323658,2.3311839318999996,2.3331451847799998,orders-10000,order_scaling,retained-cash-fw,"{""completed"": 3}",3,"{""converged"": 3}",0,0.19521809267168527,0.10537304669518714,0.08281010900927775,0.18397729430544452
2,2,2.0,,,0.0,5.2734374999999996e-12,0.0,3.007878946813625e-14,3,,0,,0,4.679392180329675e-07,4.082854194085305e-07,4.619738381705238e-07,7.8125e-12,0.0,7.03125e-12,4.426453019548199e-14,0.0,3.983807717593379e-14,12,11,11.9,,null,,,,,,45,41,44.599999999999994,3.0571e-05,3.26041e-05,0.9350881361556271,0.9296410662051227,0.0,0.0,0.0,0.0,0.0,0.0,13,12,12.9,0.25007349143590074,0.019632206,0.019852671800000003,,,,0.0,"[0.0, 0.0]",0.0,0.0,0.0,0.0,0.0,0.078505746,0.077514768,0.0766346725,0.078010257,0.0783075504,0.0784066482,0.07848592643999999,mms-01,mm_scaling,exact-components-pacing-bundle,"{""completed"": 3}",3,"{""converged"": 3}",0,0.06304316712966394,0.02472548906223454,0.011133300057039684,0.05785218042240151
,,,,,0.04694617171484375,0.06031906504179688,0.00025566299858968125,0.0003428389161439765,3,,0,,0,0.014596733572276529,6.6075855947311e-07,0.013137126290904822,0.0,0.0,0.0,0.0,0.0,0.0,18,12,17.4,,null,,,,,,,,,,,0.9352715689930098,0.9307086636653129,2e-09,1e-09,1.9e-09,3.179094276040655e-12,1.6487103153160127e-12,3.0260558799681907e-12,19,13,18.4,0.2033107996488712,0.020153734,0.0257356447,,,,0.00015919089323356808,"[7.504961032814326e-05, 0.00015919089323356808]",0.00010492212372231037,8.052586760521981e-05,7.778773896668153e-05,0.00011985838041939395,0.00015132439067073325,0.129633335,0.123664356,0.1019032365,0.1266488455,0.1284395392,0.12903643709999998,0.12951395542,mms-01,mm_scaling,retained-cash-fw,"{""completed"": 3}",3,"{""converged"": 3}",0,0.0855155745852852,0.0285051915284284,0.0,0.07696401712675668
8,6,7.8,,,1.953125e-12,2.83203125e-12,1.0739593111312093e-14,1.5757131737127757e-14,3,,0,,0,1.1167701559034209e-06,3.8939195380317793e-07,1.0440323356933964e-06,1.66015625e-11,1.3671875e-11,1.630859375e-11,8.898276707107585e-14,7.517715177918465e-14,8.760220554188673e-14,33,29,32.6,,null,,,,,,181,152,178.1,0.000103563,0.0001559403,0.9510051953786256,0.9485935254838187,1e-09,0.0,9e-10,1.5713186823788896e-12,0.0,1.4141868141410006e-12,37,33,36.6,0.8578122748545245,0.017198562,0.020926586100000002,,,,0.0,"[0.0, 0.0]",0.0,0.0,0.0,0.0,0.0,0.024823341,0.022420726,0.019836729999999997,0.0236220335,0.024342818,0.0245830795,0.0247752887,mms-04,mm_scaling,exact-components-pacing-bundle,"{""completed"": 3}",3,"{""converged"": 3}",0,0.0,0.0,0.0,0.0
,,,,,0.13542659925097655,0.16860504412333985,0.0007446708390863,0.0009055933744207211,3,,0,,0,0.28239171897641235,0.04556065458157472,0.25870861253692856,2.152725349859375,0.0090364150546875,1.9383564563789062,0.011538495578866822,4.968857534874332e-05,0.010389614878515013,44,34,43.0,,null,,,,,,,,,,,0.9450561121897297,0.9429562553909503,2e-09,0.0,1.8e-09,3.280301787764474e-12,0.0,2.9522716089880262e-12,45,35,43.99999999999999,0.3033908050931473,0.045750939,0.0543598377,,,,0.0123721634982371,"[0.00011786667995111089, 0.012372163498237101]",0.0043783837935405965,0.0006451212024335798,0.00038149394119234536,0.00650864235033534,0.011199459268656746,0.176021258,0.1507987,0.140119561,0.163409979,0.17097674640000002,0.17349900220000003,0.17551680684,mms-04,mm_scaling,retained-cash-fw,"{""completed"": 3}",3,"{""converged"": 3}",0,0.42706388502807147,0.16149093101944936,0.04141411532652062,0.38849890805791637
30,29,29.9,,,1.220703125e-12,1.8798828125000003e-12,6.845913970841897e-15,1.0743929710554551e-14,3,,0,,0,4.697963669831961e-06,4.44279994653544e-06,4.672447297502309e-06,6.021728515625e-10,4.28466796875e-10,5.8480224609375e-10,3.446021937524257e-12,2.4029158037655055e-12,3.341711324148382e-12,109,107,108.80000000000001,,null,,,,,,3751,3688,3744.7,0.005330814999999999,0.0053604646,0.9969501835950215,0.9967804617116698,1e-09,0.0,9e-10,1.643205444899271e-12,0.0,1.4788849004093438e-12,125,123,124.8,3.102707702626415,0.04400209799999999,0.0479328489,,,,0.0,"[0.0, 0.0]",0.0,0.0,0.0,0.0,0.0,0.01425854,0.014181838,0.014018820000000001,0.014220189000000001,0.014243199599999999,0.014250869800000001,0.014257005960000001,mms-16,mm_scaling,exact-components-pacing-bundle,"{""completed"": 3}",3,"{""converged"": 3}",0,0.0,0.0,0.0,0.0
,,,,,36.603529175425784,41.78917971303926,0.2028903469032744,0.23868356712762517,3,,0,,0,0.051085551769246576,0.0019529367124223869,0.046172290263564154,0.007873912828125,0.0,0.007086521545312498,4.418580676010426e-05,0.0,3.976722608409383e-05,100,100,100.0,,null,,,,,,,,,,,0.99999949686502,0.9999942446977266,3.5e-08,2.1e-08,3.3599999999999996e-08,5.821080540902787e-11,3.659453297542951e-11,5.6049178165668024e-11,101,101,101.0,0.771764108950613,0.122605117,0.1226545486,,,,0.08076799961113919,"[0.06238001016728866, 0.08076799961113919]",0.07202932280173503,0.07293995862677727,0.06765998439703297,0.07685397911895822,0.079985195512703,0.162767587,0.158067142,0.1477512395,0.1604173645,0.16182749800000001,0.1622975425,0.1626735781,mms-16,mm_scaling,retained-cash-fw,"{""completed"": 3}",3,"{""iteration_limit"": 3}",0,0.09384427046798502,0.08432070338297554,0.08559106463191124,0.09301894988437764
5,3,4.8,,,2.015995703125e-05,0.00031665450859374994,1.1433378507839932e-07,2.1090468806032288e-06,5,promotion-concentrated,0,,0,0.15516726060243874,4.771965555564916e-06,0.13736874060109894,0.31391084535546876,0.0,0.25112867628437496,0.002099440007006434,0.0,0.0016795520056051467,17,14,16.6,,null,,,,,,27212,5553,25573.8,0.004237665,0.0192344058,0.9999990642973683,0.9942866556067839,5.189e-06,8e-09,4.4314e-06,9.219499456335587e-09,1.3091643484502594e-11,7.939996647784144e-09,101,17,86.99999999999999,0.29902129014387946,0.084156368,0.20649019499999996,,,,0.0,"[0.0, 0.0]",0.0,0.0,0.0,0.0,0.0,0.476585246,0.320604895,0.281439385,0.327567851,0.41697828800000003,0.44678176699999994,0.4706245502,,experiments,exact-components-pacing-bundle,"{""completed"": 5}",5,"{""converged"": 4, ""iteration_limit"": 1}",0,0.0,0.0,0.0,0.0
,,,,,6.023459621830078,104.49639741449998,0.03501988852540012,0.5841842069654845,5,promotion-concentrated,0,,0,0.2163911614691906,0.19064884088676565,0.21244116676903496,0.0,0.0,0.0,0.0,0.0,0.0,100,100,100.0,,null,,,,,,,,,,,0.9977967165614197,0.9880385833280202,3.8e-08,3.3e-08,3.76e-08,6.349272122785567e-11,5.892913099223938e-11,6.331756512119008e-11,101,101,101.0,0.8444028348245556,0.266418905,0.2780226232,,,,0.1287953613813309,"[0.01902583896909587, 0.0973819664943314]",0.0544342416788552,0.0269149104986767,0.01816995398679718,0.08235379434086706,0.11950704797323813,0.362219629,0.323986737,0.315027044,0.348251417,0.3566323442,0.35942598659999997,0.36166090052,,experiments,retained-cash-fw,"{""completed"": 5}",5,"{""iteration_limit"": 5}",0,0.1709798498388555,0.06208976925860783,0.03151491173141702,0.153978299949553
4,3,4.0,,,1.220703125e-13,1.1962890624999992e-12,7.776780133460695e-15,4.2695752059410104e-14,15,promotion-flash-budget,0,,0,1.318914821936874e-05,3.174231913102345e-06,1.2477453316675138e-05,4.068603515625e-10,1.226806640625e-11,2.2199096679687473e-10,4.066327769546168e-11,1.0559977302363247e-12,2.19608893859517e-11,18,12,17.299999999999997,,null,,,,,,177,51,172.1,4.6081e-05,0.00012580639999999998,0.9921665875267303,0.9310415966364916,1e-09,0.0,1e-09,1.8996094402990746e-11,0.0,1.884801542875794e-11,20,14,19.299999999999997,0.5191353623393014,0.003372114,0.0047056395999999995,,,,0.0,"[0.0, 0.0]",0.0,0.0,0.0,0.0,0.0,0.009881449,0.005615523,0.005254180000000001,0.006879659999999999,0.0090811974,0.0097591226,0.00985698372,,experiments,exact-components-pacing-bundle,"{""completed"": 15}",15,"{""converged"": 15}",0,0.026134192260449943,0.003394793714406231,0.0,0.016505887643268123
,,,,,0.009939316677734376,0.03622107074313963,0.0006279027572658526,0.003143506313386503,15,promotion-flash-budget,0,,0,0.5183765091590121,2.0510339105419833e-05,0.3220940414918846,0.5181549447290039,0.0,0.24518587137123982,0.05061701392961805,0.0,0.023738746381224952,100,37,100.0,,null,,,,,,,,,,,0.9998904661855039,0.9307626842822634,8e-09,0.0,5.8999999999999966e-09,1.7480130008466936e-10,0.0,1.1914720784336354e-10,101,38,101.0,0.4752949231258723,0.009836939,0.027145342,,,,0.053049996020763004,"[0.00028237744464823614, 0.012569550445659713]",0.004725036332855855,0.0004151551882763705,0.0,0.000944805100539556,0.02491536533139775,0.034813412,0.018612328,0.00744735,0.02918556,0.031492995600000004,0.0327480802,0.034400345639999996,,experiments,retained-cash-fw,"{""completed"": 15}",15,"{""converged"": 11, ""iteration_limit"": 4}",0,0.9177060963466578,0.11766912407186897,0.0,0.7845682870416646
3,2.0,3.0,,,0.0,5.687320947265622e-06,0.0,6.834097042861062e-08,10,promotion-market-like,0,,0,0.009794262736642842,7.151799767794069e-07,0.0053879217740190055,3.97265625e-08,0.0,2.1849609374999957e-08,4.521877783197423e-10,0.0,2.4870327807585776e-10,8,6.5,8.0,,null,,,,,,279,47.5,273.6,3.4105e-05,0.00020125094999999998,0.992246477816,0.9424430570575,6e-09,2e-09,5.549999999999998e-09,3.6642973523558404e-11,1.175624099964127e-11,3.467572695992136e-11,9,7.5,9.0,0.20793863910953891,0.04276017,0.04834703485,,,,0.0,"[0.0, 0.0]",0.0,0.0,0.0,0.0,0.0,0.307213615,0.18256449149999998,0.17209278025,0.27280218300000003,0.3071340532,0.3071738341,0.30720565882,,experiments,exact-components-pacing-bundle,"{""completed"": 10}",10,"{""converged"": 10}",0,0.0,0.0,0.0,0.0
,,,,,0.02809564500341797,0.08241796543364256,0.0003153072191433285,0.0009900156425541725,10,promotion-market-like,0,,0,0.4217151173551416,0.011223021897095627,0.32353249298143083,0.35422133167578124,0.0,0.2254841899915036,0.00403193704031949,0.0,0.002552292813699067,99,8.0,70.64999999999993,,null,,,,,,,,,,,0.992459800068,0.9383714867295,1.1e-08,3.5e-09,8.749999999999994e-09,7.002952253680545e-11,2.0849673374516178e-11,5.538403484573161e-11,100,9.0,71.64999999999993,0.20719000161379714,0.049726972,0.15553252654999988,,,,0.004307764010861792,"[0.00015831434864252043, 0.0015536848980596339]",0.0006954266858921313,0.00030127987488885835,5.60310037956048e-05,0.00037148615034319143,0.002858056378089703,0.465653528,0.22857136150000001,0.1868502515,0.31065811075000005,0.33886083139999995,0.40225717969999986,0.45297425834000005,,experiments,retained-cash-fw,"{""completed"": 10}",10,"{""converged"": 10}",0,0.006202143426383374,0.0010506779664331812,0.0005111720166760299,0.003917335247308617
2,2,2.0,,,0.0,5.2734374999999996e-12,0.0,3.007878946813625e-14,3,promotion-mms-01,0,,0,4.679392180329675e-07,4.082854194085305e-07,4.619738381705238e-07,7.8125e-12,0.0,7.03125e-12,4.426453019548199e-14,0.0,3.983807717593379e-14,12,11,11.9,,null,,,,,,45,41,44.599999999999994,3.0571e-05,3.26041e-05,0.9350881361556271,0.9296410662051227,0.0,0.0,0.0,0.0,0.0,0.0,13,12,12.9,0.25007349143590074,0.019632206,0.019852671800000003,,,,0.0,"[0.0, 0.0]",0.0,0.0,0.0,0.0,0.0,0.078505746,0.077514768,0.0766346725,0.078010257,0.0783075504,0.0784066482,0.07848592643999999,,experiments,exact-components-pacing-bundle,"{""completed"": 3}",3,"{""converged"": 3}",0,0.06304316712966394,0.02472548906223454,0.011133300057039684,0.05785218042240151
,,,,,0.04694617171484375,0.06031906504179688,0.00025566299858968125,0.0003428389161439765,3,promotion-mms-01,0,,0,0.014596733572276529,6.6075855947311e-07,0.013137126290904822,0.0,0.0,0.0,0.0,0.0,0.0,18,12,17.4,,null,,,,,,,,,,,0.9352715689930098,0.9307086636653129,2e-09,1e-09,1.9e-09,3.179094276040655e-12,1.6487103153160127e-12,3.0260558799681907e-12,19,13,18.4,0.2033107996488712,0.020153734,0.0257356447,,,,0.00015919089323356808,"[7.504961032814326e-05, 0.00015919089323356808]",0.00010492212372231037,8.052586760521981e-05,7.778773896668153e-05,0.00011985838041939395,0.00015132439067073325,0.129633335,0.123664356,0.1019032365,0.1266488455,0.1284395392,0.12903643709999998,0.12951395542,,experiments,retained-cash-fw,"{""completed"": 3}",3,"{""converged"": 3}",0,0.0855155745852852,0.0285051915284284,0.0,0.07696401712675668
8,6,7.8,,,1.953125e-12,2.83203125e-12,1.0739593111312093e-14,1.5757131737127757e-14,3,promotion-mms-04,0,,0,1.1167701559034209e-06,3.8939195380317793e-07,1.0440323356933964e-06,1.66015625e-11,1.3671875e-11,1.630859375e-11,8.898276707107585e-14,7.517715177918465e-14,8.760220554188673e-14,33,29,32.6,,null,,,,,,181,152,178.1,0.000103563,0.0001559403,0.9510051953786256,0.9485935254838187,1e-09,0.0,9e-10,1.5713186823788896e-12,0.0,1.4141868141410006e-12,37,33,36.6,0.8578122748545245,0.017198562,0.020926586100000002,,,,0.0,"[0.0, 0.0]",0.0,0.0,0.0,0.0,0.0,0.024823341,0.022420726,0.019836729999999997,0.0236220335,0.024342818,0.0245830795,0.0247752887,,experiments,exact-components-pacing-bundle,"{""completed"": 3}",3,"{""converged"": 3}",0,0.0,0.0,0.0,0.0
,,,,,0.13542659925097655,0.16860504412333985,0.0007446708390863,0.0009055933744207211,3,promotion-mms-04,0,,0,0.28239171897641235,0.04556065458157472,0.25870861253692856,2.152725349859375,0.0090364150546875,1.9383564563789062,0.011538495578866822,4.968857534874332e-05,0.010389614878515013,44,34,43.0,,null,,,,,,,,,,,0.9450561121897297,0.9429562553909503,2e-09,0.0,1.8e-09,3.280301787764474e-12,0.0,2.9522716089880262e-12,45,35,43.99999999999999,0.3033908050931473,0.045750939,0.0543598377,,,,0.0123721634982371,"[0.00011786667995111089, 0.012372163498237101]",0.0043783837935405965,0.0006451212024335798,0.00038149394119234536,0.00650864235033534,0.011199459268656746,0.176021258,0.1507987,0.140119561,0.163409979,0.17097674640000002,0.17349900220000003,0.17551680684,,experiments,retained-cash-fw,"{""completed"": 3}",3,"{""converged"": 3}",0,0.42706388502807147,0.16149093101944936,0.04141411532652062,0.38849890805791637
30,29,29.9,,,1.220703125e-12,1.8798828125000003e-12,6.845913970841897e-15,1.0743929710554551e-14,3,promotion-mms-16,0,,0,4.697963669831961e-06,4.44279994653544e-06,4.672447297502309e-06,6.021728515625e-10,4.28466796875e-10,5.8480224609375e-10,3.446021937524257e-12,2.4029158037655055e-12,3.341711324148382e-12,109,107,108.80000000000001,,null,,,,,,3751,3688,3744.7,0.005330814999999999,0.0053604646,0.9969501835950215,0.9967804617116698,1e-09,0.0,9e-10,1.643205444899271e-12,0.0,1.4788849004093438e-12,125,123,124.8,3.102707702626415,0.04400209799999999,0.0479328489,,,,0.0,"[0.0, 0.0]",0.0,0.0,0.0,0.0,0.0,0.01425854,0.014181838,0.014018820000000001,0.014220189000000001,0.014243199599999999,0.014250869800000001,0.014257005960000001,,experiments,exact-components-pacing-bundle,"{""completed"": 3}",3,"{""converged"": 3}",0,0.0,0.0,0.0,0.0
,,,,,36.603529175425784,41.78917971303926,0.2028903469032744,0.23868356712762517,3,promotion-mms-16,0,,0,0.051085551769246576,0.0019529367124223869,0.046172290263564154,0.007873912828125,0.0,0.007086521545312498,4.418580676010426e-05,0.0,3.976722608409383e-05,100,100,100.0,,null,,,,,,,,,,,0.99999949686502,0.9999942446977266,3.5e-08,2.1e-08,3.3599999999999996e-08,5.821080540902787e-11,3.659453297542951e-11,5.6049178165668024e-11,101,101,101.0,0.771764108950613,0.122605117,0.1226545486,,,,0.08076799961113919,"[0.06238001016728866, 0.08076799961113919]",0.07202932280173503,0.07293995862677727,0.06765998439703297,0.07685397911895822,0.079985195512703,0.162767587,0.158067142,0.1477512395,0.1604173645,0.16182749800000001,0.1622975425,0.1626735781,,experiments,retained-cash-fw,"{""completed"": 3}",3,"{""iteration_limit"": 3}",0,0.09384427046798502,0.08432070338297554,0.08559106463191124,0.09301894988437764
7,2.0,5.649999999999997,,,1.5625e-11,0.00023492255791015583,8.703409311020693e-14,1.3306453671863197e-06,10,promotion-neutral,0,,0,0.28104433112924787,2.4271748205391504e-07,0.16037307608735518,0.6464494080976563,0.0,0.3589246999925775,0.0036957633936107186,0.0,0.0020517959426248405,22,7.0,21.549999999999997,,null,,,,,,87803,332.0,50650.99999999991,0.00027033,0.038435765849999935,0.9999988554255083,0.9871883523878653,4.906e-06,0.0,3.942549999999998e-06,2.413182488932612e-08,0.0,1.7857459859269863e-08,101,8.0,65.44999999999992,0.12923694260094531,0.039856486499999996,0.14686486529999984,,,,0.0,"[0.0, 0.0]",0.0,0.0,0.0,0.0,0.0,0.477699882,0.2205962095,0.20037988125,0.30002012699999997,0.4100344134,0.44386714769999996,0.47093333514,,experiments,exact-components-pacing-bundle,"{""completed"": 10}",10,"{""converged"": 9, ""iteration_limit"": 1}",0,0.0,0.0,0.0,0.0
,,,,,0.0653748770078125,6.5354977533801675,0.00037643707829941993,0.037083768017588864,10,promotion-neutral,0,,0,0.4225052336933775,0.0004121873772831595,0.3047824952692865,0.06308960275390625,0.0,0.03469928151464837,0.00034782013342614593,0.0,0.0001913010733843799,100,19.5,100.0,,null,,,,,,,,,,,0.9987054376002269,0.9831921906060278,5.2e-08,1e-09,3.264999999999995e-08,1.9225595241990532e-10,3.973974757232547e-12,1.19742487917329e-10,101,20.5,101.0,0.186925627666013,0.0673634015,0.24893849585,,,,0.037634213132634035,"[0.0001992399182930389, 0.012107607757638058]",0.004503666472409376,0.00020718576080482043,0.0,0.001090778850046784,0.022946873622062547,0.45434579,0.2368527285,0.19637544599999998,0.2852425495,0.33978865099999994,0.3970672204999999,0.44289007610000003,,experiments,retained-cash-fw,"{""completed"": 10}",10,"{""converged"": 7, ""iteration_limit"": 3}",0,0.03806419675504477,0.007426349700835742,0.00027327786508728034,0.03381420983048129
4,2.0,3.549999999999999,,,0.0001117243125,0.0014030741843749999,3.279791218623151e-08,3.9699962800283734e-07,10,promotion-numerical,0,,0,2.6801343682874863e-07,4.437383863604363e-08,2.5035018782324165e-07,1.25e-10,0.0,1.25e-10,3.325692377993304e-14,0.0,3.216792756711503e-14,17,6.5,15.649999999999997,,null,,,,,,33643,267.0,20114.64999999997,0.000218423,0.016420459299999975,0.9944034482910489,0.5219763966691419,0.000107842,2e-09,6.53475999999999e-05,1.334531615890151e-08,2.539364404885306e-13,8.095708817989643e-09,47,8.0,33.04999999999997,0.2766312199392657,0.097542461,0.15053830004999993,,,,0.0,"[0.0, 0.0]",0.0,0.0,0.0,0.0,0.0,0.462508178,0.3451932405,0.322043252,0.37501558874999996,0.4006214969,0.43156483744999996,0.45631950989000003,,experiments,exact-components-pacing-bundle,"{""completed"": 10}",10,"{""converged"": 10}",0,0.0,0.0,0.0,0.0
,,,,,42.41330502159375,523.7571670154281,0.01095452928416883,0.13906859425818235,10,promotion-numerical,0,,0,0.1539766357636625,0.0055557152333604014,0.14227207906648556,1.25e-10,0.0,1.25e-10,3.325692377993304e-14,0.0,3.216792756711503e-14,100,50.5,100.0,,null,,,,,,,,,,,0.9979851637697219,0.5229330393194356,5.6e-08,1.4e-08,5.1949999999999985e-08,7.0817296577372485e-12,1.7804680887995285e-12,6.299491432441255e-12,101,51.5,101.0,0.4966290913741346,0.203985602,0.32475683600000005,,,,0.07225008658502328,"[0.005865561503992161, 0.035928191393807]",0.019860283344308664,0.008678748208028681,0.0,0.03337253435119498,0.06239038355270077,0.440790103,0.3777205615,0.334899654,0.39414309775,0.4126908088,0.4267404559,0.43798017357999997,,experiments,retained-cash-fw,"{""completed"": 10}",10,"{""converged"": 5, ""iteration_limit"": 5}",0,0.08440459314588694,0.02067012002354389,0.006508826078532859,0.07232608815026034
4,4,4.0,,,0.0,8.239746093749999e-14,0.0,1.7689710060253972e-14,3,promotion-orders-00080,0,,0,3.073976260512652e-05,5.4124775619865635e-06,2.8207034100812522e-05,7.32421875e-13,6.103515625e-14,6.65283203125e-13,1.4593050940261562e-13,1.3103488933521463e-14,1.3264780735570618e-13,11,11,11.0,,null,,,,,,68,53,66.5,5.3321e-05,5.5417099999999995e-05,0.9999999999582893,0.9999999945306008,1e-09,1e-09,1e-09,1.3398754987686544e-10,1.0311914798835167e-10,1.3090070968801406e-10,13,13,13.0,0.4402512202019572,0.001261483,0.0013716997,,,,0.0,"[0.0, 0.0]",0.0,0.0,0.0,0.0,0.0,0.003143537,0.002801541,0.0027629305,0.0029725389999999997,0.0030751378,0.0031093374000000003,0.00313669708,,experiments,exact-components-pacing-bundle,"{""completed"": 3}",3,"{""converged"": 3}",0,0.0,0.0,0.0,0.0
,,,,,0.0062586484407730104,0.1018467837778511,0.0013436656923263603,0.020303656993185672,3,promotion-orders-00080,0,,0,38.542478466938036,36.558950449167895,38.344125665161016,82.99295825960657,81.95961442539331,82.88962387618524,17.595863244572314,16.53718515810167,17.48999543592525,100,100,100.0,,null,,,,,,,,,,,0.9999999999582893,0.6900995696321445,6e-09,1e-09,5.5e-09,1.244833939152517e-09,1.5096800685998623e-10,1.1354473459232637e-09,101,101,101.0,0.773512438208249,0.008562505,0.0094702639,,,,17.5965815695402,"[0.0, 17.5965815695402]",11.380199620246122,16.544017291198166,8.272008645599083,17.070299430369182,17.491325141705996,0.011977077,0.011069641,0.0069928265,0.011523359,0.011795589799999999,0.011886333399999999,0.01195892828,,experiments,retained-cash-fw,"{""completed"": 3}",3,"{""converged"": 1, ""iteration_limit"": 2}",0,34.53252335436114,22.318277518804695,32.42230920205295,34.32150193913032
4,4,4.0,,,3.90625e-12,5.6640625e-12,2.1301127197360494e-14,3.023747818110319e-14,3,promotion-orders-02000,0,,0,1.0483451628632876e-06,6.654359594795435e-07,1.0100542425249132e-06,1.7578125e-11,3.90625e-12,1.6210937499999997e-11,9.369121820455716e-14,2.1301127197360494e-14,8.645220910383748e-14,21,20,20.9,,null,,,,,,97,94,96.7,6.881e-05,7.081789999999999e-05,0.9369735022591222,0.9291066377988478,0.0,0.0,0.0,0.0,0.0,0.0,23,22,22.900000000000002,0.5626135830375592,0.020970543,0.0211903536,,,,0.0,"[0.0, 0.0]",0.0,0.0,0.0,0.0,0.0,0.037707545,0.03524505,0.034531752,0.036476297500000004,0.037215046,0.037461295500000005,0.0376582951,,experiments,exact-components-pacing-bundle,"{""completed"": 3}",3,"{""converged"": 3}",0,0.0274722840778955,0.013346911136451459,0.01256844933145888,0.025981900603251836
,,,,,0.09226793904296875,0.15446306572421872,0.0005093588875059291,0.0008250489073729979,3,promotion-orders-02000,0,,0,0.18478749756032686,4.670064505869854e-06,0.16630921481074476,0.6742241178671875,3.90625e-12,0.6068017060808593,0.003722008426421739,2.130113302733051e-14,0.0033498075837816946,23,19,22.6,,null,,,,,,,,,,,0.9378874933485951,0.9251105310894778,1e-09,1e-09,1e-09,1.6849767473208869e-12,1.5905331467107776e-12,1.675532387259876e-12,24,20,23.6,0.31420738122390807,0.027543228,0.032529445799999994,,,,0.004131528860269017,"[2.736929543581805e-05, 0.004131528860269017]",0.0016120823704481996,0.0006773489556397634,0.0003523591255377907,0.0024044389079543906,0.003786110869806092,0.093245433,0.087659392,0.0800638895,0.0904524125,0.09212822479999999,0.0926868289,0.09313371218000001,,experiments,retained-cash-fw,"{""completed"": 3}",3,"{""converged"": 3}",0,0.37610964990950857,0.12536988330316953,0.0,0.33849868491855767
4,4,4.0,,,7.03125e-11,0.00011107271953125,7.622409440083733e-14,1.2288024527553989e-07,3,promotion-orders-10000,0,,0,1.9653115916307303e-07,1.3112254238313652e-07,1.8999029748507937e-07,2.34375e-11,2.34375e-11,2.34375e-11,2.5408031466945775e-14,2.5363758343448307e-14,2.5403604154596027e-14,26,26,26.0,,null,,,,,,152,142,151.0,0.00011316,0.00012355679999999998,0.9265620163790631,0.9258301151364733,0.0,0.0,0.0,0.0,0.0,0.0,28,28,28.0,0.4500663558422133,0.193436736,0.194197254,,,,0.0,"[0.0, 0.0]",0.0,0.0,0.0,0.0,0.0,0.431558169,0.411849192,0.4118436405,0.42170368049999996,0.42761637360000004,0.42958727129999996,0.43116398945999995,,experiments,exact-components-pacing-bundle,"{""completed"": 3}",3,"{""converged"": 3}",0,0.0,0.0,0.0,0.0
,,,,,0.378288324171875,0.6765127014406249,0.00041850317040749397,0.0007342373206964126,3,promotion-orders-10000,0,,0,0.0903289932861492,0.031225524922837512,0.08441864644981803,0.1126129663125,0.0,0.10135166968124999,0.00012208192205810466,0.0,0.00010987372985229418,19,18,18.9,,null,,,,,,,,,,,0.9265118738903607,0.9254356547411284,1e-09,1e-09,1e-09,3.2444252662861934e-13,3.1880537250813753e-13,3.2387881121657117e-13,20,19,19.900000000000002,0.10870221387076277,0.251706329,0.2534748434,,,,0.0008649817773796832,"[7.386508355392575e-05, 0.0008649817773796832]",0.00039675351612853326,0.0002514136874519908,0.0001626393855029583,0.000558197732415837,0.0008036249683869139,2.333635498,2.309119837,1.8290593949999998,2.3213776675,2.3287323658,2.3311839318999996,2.3331451847799998,,experiments,retained-cash-fw,"{""completed"": 3}",3,"{""converged"": 3}",0,0.19521809267168527,0.10537304669518714,0.08281010900927775,0.18397729430544452
